match_id,match_date,competition_id,competition_name,season_id,season_name,stage_name,home_team_id,home_team_name,away_team_id,away_team_name,home_score,away_score,last_updated
3869117,2022-12-03,43,FIFA World Cup,106,2022,Round of 16,941,Netherlands,1839,United States,3,1,2023-03-19T06:42:53.735484
3869118,2022-12-04,43,FIFA World Cup,106,2022,Round of 16,768,England,787,Senegal,3,0,2023-07-15T22:01:09.812380
3869151,2022-12-03,43,FIFA World Cup,106,2022,Round of 16,779,Argentina,792,Australia,2,1,2023-10-15T16:39:52.237396
3869152,2022-12-04,43,FIFA World Cup,106,2022,Round of 16,771,France,789,Poland,3,1,2023-03-29T17:33:46.676666
3869219,2022-12-05,43,FIFA World Cup,106,2022,Round of 16,778,Japan,785,Croatia,1,1,2023-03-18T12:56:12.567784
3869220,2022-12-06,43,FIFA World Cup,106,2022,Round of 16,788,Morocco,772,Spain,0,0,2024-02-06T16:35:08.292898
3869253,2022-12-05,43,FIFA World Cup,106,2022,Round of 16,781,Brazil,791,South Korea,4,1,2023-06-06T07:12:35.194539
3869254,2022-12-06,43,FIFA World Cup,106,2022,Round of 16,780,Portugal,773,Switzerland,6,1,2023-10-31T08:50:23.629502
3869321,2022-12-09,43,FIFA World Cup,106,2022,Quarter-finals,941,Netherlands,779,Argentina,2,2,2025-09-04T17:24:28.888436
3869354,2022-12-10,43,FIFA World Cup,106,2022,Quarter-finals,768,England,771,France,1,2,2023-03-21T07:09:52.867230
3869420,2022-12-09,43,FIFA World Cup,106,2022,Quarter-finals,785,Croatia,781,Brazil,1,1,2023-04-19T06:28:33.041249
3869486,2022-12-10,43,FIFA World Cup,106,2022,Quarter-finals,788,Morocco,780,Portugal,1,0,2024-02-06T16:35:57.395966
3869519,2022-12-13,43,FIFA World Cup,106,2022,Semi-finals,779,Argentina,785,Croatia,3,0,2023-04-19T06:53:52.197711
3869552,2022-12-14,43,FIFA World Cup,106,2022,Semi-finals,771,France,788,Morocco,2,0,2024-02-06T16:36:46.784457
3869684,2022-12-17,43,FIFA World Cup,106,2022,3rd Place Final,785,Croatia,788,Morocco,2,1,2024-02-13T13:43:25.154307
3869685,2022-12-18,43,FIFA World Cup,106,2022,Final,779,Argentina,771,France,3,3,2024-12-16T10:15:11.055845
3940878,2024-06-29,55,UEFA Euro,282,2024,Round of 16,773,Switzerland,914,Italy,2,0,2026-04-28T18:37:13.038356
3940983,2024-06-29,55,UEFA Euro,282,2024,Round of 16,770,Germany,776,Denmark,2,0,2026-04-28T18:38:21.125369
3941017,2024-06-30,55,UEFA Euro,282,2024,Round of 16,768,England,908,Slovakia,2,1,2026-04-28T18:41:06.699931
3941018,2024-06-30,55,UEFA Euro,282,2024,Round of 16,772,Spain,2138,Georgia,4,1,2026-04-28T18:39:39.065203
3941019,2024-07-01,55,UEFA Euro,282,2024,Round of 16,771,France,782,Belgium,1,0,2026-04-28T18:43:38.448635
3941020,2024-07-01,55,UEFA Euro,282,2024,Round of 16,780,Portugal,944,Slovenia,0,0,2026-04-28T18:42:19.506332
3941021,2024-07-02,55,UEFA Euro,282,2024,Round of 16,905,Romania,941,Netherlands,0,3,2026-04-28T18:44:35.399441
3941022,2024-07-02,55,UEFA Euro,282,2024,Round of 16,915,Austria,909,Turkey,1,2,2026-04-28T18:45:46.987394
3942226,2024-07-05,55,UEFA Euro,282,2024,Quarter-finals,772,Spain,770,Germany,2,1,2026-04-28T18:47:02.268381
3942227,2024-07-06,55,UEFA Euro,282,2024,Quarter-finals,768,England,773,Switzerland,1,1,2026-04-28T18:36:59.072443
3942349,2024-07-05,55,UEFA Euro,282,2024,Quarter-finals,780,Portugal,771,France,0,0,2026-04-29T01:41:50.982383
3942382,2024-07-06,55,UEFA Euro,282,2024,Quarter-finals,941,Netherlands,909,Turkey,2,1,2026-04-29T01:42:47.615163
3942752,2024-07-09,55,UEFA Euro,282,2024,Semi-finals,772,Spain,771,France,2,1,2026-04-29T01:43:46.587696
3942819,2024-07-10,55,UEFA Euro,282,2024,Semi-finals,941,Netherlands,768,England,1,2,2026-04-29T01:44:42.908892
3943043,2024-07-14,55,UEFA Euro,282,2024,Final,772,Spain,768,England,2,1,2026-04-29T01:45:39.959110
