source_system,team_id,match_date,shots,shots_on_target,goals,penalty_goals,xg,goals_minus_xg
statsbomb,770,2024-06-14,20,10,5,1,1.8446339140,3.1553660860
statsbomb,942,2024-06-14,1,0,0,0,0.0605259350,-0.0605259350
statsbomb,3280,2024-06-14,8,2,1,0,0.2299812771,0.7700187229
statsbomb,3282,2024-06-14,15,8,4,0,1.3616127085,2.6383872915
statsbomb,772,2024-06-15,11,5,3,0,1.5671825890,1.4328174110
statsbomb,773,2024-06-15,15,7,3,0,2.0957691710,0.9042308290
statsbomb,785,2024-06-15,16,5,0,0,2.4820988800,-2.4820988800
statsbomb,906,2024-06-15,8,2,1,0,0.3545965540,0.6454034460
statsbomb,914,2024-06-15,17,5,2,0,1.4497966530,0.5502033470
statsbomb,916,2024-06-15,6,2,1,0,1.1028455940,-0.1028455940
statsbomb,1105,2024-06-15,20,6,1,0,2.1166874310,-1.1166874310
statsbomb,3269,2024-06-15,12,1,0,0,0.7871135636,-0.7871135636
statsbomb,3272,2024-06-15,16,4,2,0,1.1735816970,0.8264183030
statsbomb,3274,2024-06-15,18,6,3,0,1.8430892100,1.1569107900
statsbomb,3275,2024-06-15,16,3,0,0,0.9415564444,-0.9415564444
statsbomb,3278,2024-06-15,10,0,0,0,0.8591559193,-0.8591559193
statsbomb,3279,2024-06-15,12,3,1,1,1.3063801655,-0.3063801655
statsbomb,6604,2024-06-15,3,1,0,0,0.3134213950,-0.3134213950
statsbomb,11864,2024-06-15,13,4,2,0,1.3761512950,0.6238487050
statsbomb,18938,2024-06-15,7,3,2,0,0.8599582850,1.1400417150
statsbomb,768,2024-06-16,5,3,1,0,0.5588141270,0.4411858730
statsbomb,776,2024-06-16,16,4,1,0,1.5112394230,-0.5112394230
statsbomb,786,2024-06-16,6,1,0,0,0.2494052450,-0.2494052450
statsbomb,789,2024-06-16,12,7,1,0,0.9091575623,0.0908424377
statsbomb,937,2024-06-16,30,10,3,0,3.6297781950,-0.6297781950
statsbomb,941,2024-06-16,21,4,2,0,1.3127551150,0.6872448850
statsbomb,944,2024-06-16,11,2,1,0,0.9663907513,0.0336092487
statsbomb,3270,2024-06-16,11,5,2,0,1.4069392130,0.5930607870
statsbomb,3277,2024-06-16,7,1,0,0,0.4417011170,-0.4417011170
statsbomb,3281,2024-06-16,10,5,1,0,0.6003058717,0.3996941283
statsbomb,771,2024-06-17,14,3,0,0,1.9045317750,-1.9045317750
statsbomb,782,2024-06-17,16,5,0,0,1.7502550390,-1.7502550390
statsbomb,905,2024-06-17,10,5,3,0,1.1210513000,1.8789487000
statsbomb,908,2024-06-17,10,4,1,0,0.7111064834,0.2888935166
statsbomb,911,2024-06-17,13,2,0,0,0.5434759640,-0.5434759640
statsbomb,915,2024-06-17,5,3,0,0,0.7483173250,-0.7483173250
statsbomb,780,2024-06-18,19,8,1,0,1.8375108777,-0.8375108777
statsbomb,909,2024-06-18,22,7,3,0,2.4034188392,0.5965811608
statsbomb,912,2024-06-18,5,1,1,0,0.3147666960,0.6852333040
statsbomb,2138,2024-06-18,14,4,1,0,1.5785675100,-0.5785675100
statsbomb,770,2024-06-19,19,7,2,0,1.4836928440,0.5163071560
statsbomb,773,2024-06-19,11,5,1,0,0.9901536170,0.0098463830
statsbomb,785,2024-06-19,21,8,1,0,1.8585999320,-0.8585999320
statsbomb,906,2024-06-19,14,7,2,0,1.3258600050,0.6741399950
statsbomb,916,2024-06-19,11,2,0,0,1.2280333130,-1.2280333130
statsbomb,942,2024-06-19,12,3,1,0,0.7718825680,0.2281174320
statsbomb,768,2024-06-20,12,4,1,0,1.1727052950,-0.1727052950
statsbomb,772,2024-06-20,20,8,0,0,1.5338804222,-1.5338804222
statsbomb,776,2024-06-20,16,7,1,0,0.7333294030,0.2666705970
statsbomb,786,2024-06-20,15,4,1,0,1.4613307800,-0.4613307800
statsbomb,914,2024-06-20,4,1,0,0,0.1433993620,-0.1433993620
statsbomb,944,2024-06-20,12,4,1,0,1.5521660380,-0.5521660380
statsbomb,771,2024-06-21,15,3,0,0,1.2184023685,-1.2184023685
statsbomb,779,2024-06-21,19,8,2,0,3.5382913010,-1.5382913010
statsbomb,789,2024-06-21,15,3,1,0,1.4380920370,-0.4380920370
statsbomb,908,2024-06-21,14,5,1,0,0.7461385425,0.2538614575
statsbomb,911,2024-06-21,13,5,2,0,1.7316552805,0.2683447195
statsbomb,915,2024-06-21,15,9,3,1,1.8216982560,1.1783017440
statsbomb,941,2024-06-21,9,4,0,0,0.7381833020,-0.7381833020
statsbomb,1833,2024-06-21,10,2,0,0,0.9772994850,-0.9772994850
statsbomb,780,2024-06-22,12,3,2,0,1.9012271160,0.0987728840
statsbomb,782,2024-06-22,20,9,2,0,1.6458169260,0.3541830740
statsbomb,784,2024-06-22,7,4,0,0,0.6772752090,-0.6772752090
statsbomb,905,2024-06-22,14,4,0,0,1.2460370350,-1.2460370350
statsbomb,909,2024-06-22,11,3,0,0,0.7789868170,-0.7789868170
statsbomb,912,2024-06-22,27,11,1,0,2.8654523907,-1.8654523907
statsbomb,2138,2024-06-22,5,1,1,1,1.1799226480,-0.1799226480
statsbomb,3562,2024-06-22,11,1,0,0,1.0247638870,-1.0247638870
statsbomb,3563,2024-06-22,14,5,2,0,1.5850185390,0.4149814610
statsbomb,3565,2024-06-22,9,4,1,0,0.7355915667,0.2644084333
statsbomb,770,2024-06-23,18,3,1,0,1.5416782250,-0.5416782250
statsbomb,773,2024-06-23,4,3,1,0,0.2800855990,0.7199144010
statsbomb,794,2024-06-23,20,9,1,0,1.1360803270,-0.1360803270
statsbomb,916,2024-06-23,14,5,1,0,1.0010130930,-0.0010130930
statsbomb,942,2024-06-23,4,0,0,0,0.1835352540,-0.1835352540
statsbomb,1839,2024-06-23,20,8,2,0,2.4046838080,-0.4046838080
statsbomb,2305,2024-06-23,13,4,0,0,0.5061592740,-0.5061592740
statsbomb,3564,2024-06-23,6,3,0,0,0.1496907824,-0.1496907824
